{"train_acc1":0.13768696820945117,"_wandb":{"runtime":58412},"lengthscale":6.817345142364502,"_timestamp":1.7388302788681672e+09,"val_acc1":3.8439999999999563,"sigma":0.11114846915006638,"train_loss":6.905783791265701,"train_nll":6.9053899491600985,"train_acc5":0.6443344232251403,"val_loss":6.915786776123059,"tau":0.01599107240501108,"lr":0.0001,"val_nll":6.9031329484558075,"_runtime":58412.975048977,"_step":29,"outputscale":0.39049145579338074,"epoch":29,"val_acc5":7.395999999999875}