{"epoch":29,"sigma":0.10837874561548233,"lengthscale":19.679594039916992,"train_loss":1.0754301212706379,"train_acc1":75.36878486559691,"val_acc1":74.91599999999985,"tau":0.26118569556503474,"_step":29,"val_nll":1.0299115953932712,"outputscale":3.47792387008667,"_wandb":{"runtime":58061},"lr":0.010000000000000002,"val_loss":2.6319148082733137,"train_nll":1.0081800579046643,"train_acc5":90.95933629258832,"_runtime":58061.603669397,"val_acc5":92.16200000000002,"_timestamp":1.7388299179531457e+09}