{"_runtime":60888.988860846,"val_nll":1.039123366167397,"_wandb":{"runtime":60888},"train_acc5":90.92569508890462,"_step":29,"val_loss":2.706824491500854,"val_acc1":74.90799999999979,"sigma":0.03114154376089573,"tau":0.024640628922110015,"train_acc1":75.3008780275346,"epoch":29,"val_acc5":92.144,"_timestamp":1.738832755973928e+09,"lr":0.001,"train_nll":1.0105748232166796,"outputscale":11.43288516998291,"train_loss":1.0770344152364006,"lengthscale":19.4366397857666}